ID,Module,Test Case,Expected,Status,Actual,Severity,Comment/Recommendation
AUTH-01,Auth,Dev login Owner (Uowner_demo_001),200+token,FAIL,401,Medium,FINDING-01 LineUserId owner ถูกเขียนทับด้วย LINE จริง dev login พัง (ใช้ user/pass แทนได้)
AUTH-02,Auth,Login owner username/password,200+token,PASS,ok name=Tharin phosrirat hasLine=True,,happy path ผ่าน
AUTH-03,Auth,Login รหัสผิด,401,PASS,401,,ทำงานถูกต้อง
AUTH-05,Auth,เปลี่ยนรหัส ใส่รหัสเดิมผิด,400,PASS,HTTP 400,,ปลอดภัย: บล็อกการเปลี่ยนรหัสเมื่อรหัสเดิมผิด (ปิดช่องโหว่)
AUTH-08,Auth,Username เปลี่ยนหลังตั้ง,400,PASS,HTTP 400,,username ล็อกถูกต้อง
AUTH-09,Auth,GET /auth/me ดึงข้อมูลสด,username+hasPassword+hasLine,PASS,username=ko1122541 hasPw=True hasLine=True,,ข้อมูลครบ
USER-01,User,GET /user/roles ไม่ซ้ำ,>=4 ไม่ซ้ำ,FAIL,count=6 names=Owner Owner Therapist Manager Reception Cashier dup=2,Medium,FINDING-03 role Owner ซ้ำใน DB - แก้ dedup ที่ API แล้ว (deploy รอ verify)
USER-LIST,User,GET /user list,array,PASS,count=3,,
USER-02,User,สร้างพนักงาน,200+id,PASS,id=ba6fedff...,,happy path
USER-04,User,บล็อก/ปลดบล็อก,200,PASS,ok,,
USER-05,User,บล็อกตัวเอง,400,PASS,HTTP 400,,ป้องกันบล็อกตัวเองถูกต้อง
USER-06,User,ลบพนักงาน,200,PASS,deleted (cleanup QA user),,soft delete ทำงาน
USER-08,User,admin ตั้งรหัสชั่วคราว,200,PASS,ok,,
PERM-01,Permission,สิทธิ์ไม่ซ้ำ+มีชื่อ user,no dup + userName,PASS,userName=QA_TEST totalCodes=42 dup=0,,dedupe permission + แสดงชื่อ ทำงานถูกต้อง (verify การแก้)
PERM-03,Permission,ห้ามแก้สิทธิ์ตัวเอง,403,PASS,HTTP 403,,ป้องกันถูกต้อง
LINK-01,LINE,สร้าง link token,liffUrl,PASS,url=liff.line.me/...?link=...,,
LINK-02,LINE,link-status pending,pending,PASS,status=pending,,
LINK-03,LINE,link-status linked หลังสแกน,linked,PASS,ผู้ใช้ยืนยันผูกสำเร็จจริง,,manual verified
LINK-04,LINE,link-line ผูกบัญชี,200 bind LINE,PASS,ผู้ใช้ผูก LINE จริงได้,,manual verified
LINE-01,LINE,แจ้งเตือน login LINE,ได้ข้อความ LINE,PASS,ผู้ใช้ยืนยันได้รับข้อความ,,manual verified
LINE-02,LINE,แจ้งเตือน login user/pass,ได้ข้อความ LINE,TODO,,,เพิ่ง deploy รอผู้ใช้ verify (login user/pass แล้วเช็ค LINE)
OTP-01,Auth,ขอ OTP user ไม่มีจริง,404,PASS,HTTP 404,,validation ถูกต้อง
OTP-02,Auth,ขอ OTP user มี LINE,200 ส่ง OTP,TODO,,,ไม่เทสจริงเพื่อเลี่ยง spam LINE ผู้ใช้ขณะหลับ
OTP-03,Auth,reset OTP ผิด,401,TODO,,,ต้องมี OTP จริง (manual)
USER-03,User,non-Owner สร้าง Owner,403,TODO,,,ต้อง therapist token (Phase B หลัง seed)
PERM-04,Permission,ห้ามให้สิทธิ์ที่ตัวเองไม่มี,403,TODO,,,ต้อง non-owner token (Phase B)
AUTHZ-01,Security,non-privileged เข้าถึง /user,403,TODO,,,ต้อง therapist token (Phase B)
UI-01,Frontend,ProfileModal ไม่เปิดเองหลัง login,modal ปิด,PASS,verified by user,,
UI-02,Frontend,Backdrop ไม่ปิดตอนมีข้อมูลค้าง,ไม่ปิด+เตือน,TODO,,,ต้องเทส browser (Chrome ext ยังไม่ติดตั้ง)
UI-03,Frontend,Validation กรอบแดงทุกช่อง,ทุก mandatory แดง,TODO,,,ต้องเทส browser
UI-04,Frontend,Username read-only หลังตั้ง,disabled,TODO,,,ต้องเทส browser
UI-05,Frontend,Dropdown บทบาทมีให้เลือก,4 บทบาท,PASS,roles API คืน 4 บทบาท (หลัง filter Owner),,verify ผ่าน API
USER-03,User,non-Owner(therapist) สร้าง user,403,PASS,HTTP 403,,RBAC กัน USER_CREATE ถูกต้อง (Phase B)
PERM-04,Permission,therapist แก้สิทธิ์คนอื่น,403,PASS,HTTP 403,,กัน USER_ROLE_ASSIGN ถูกต้อง
AUTHZ-01,Security,therapist เข้า GET /user,403,PASS,HTTP 403,,กัน USER_VIEW ถูกต้อง
AUTH-10,Auth,therapist แก้โปรไฟล์ตัวเอง,200,PASS,ok,,self-service ทุก role ใช้ได้
EP-DASH,Endpoint,GET /dashboard,200,PASS,object,,smoke no-500
EP-DASH2,Endpoint,GET /dashboard/schedule,200,PASS,object,,
EP-CUST,Endpoint,GET /customer,200,PASS,object,,
EP-SVC,Endpoint,GET /services,200,PASS,array,,route จริงคือ /services
EP-ROOM,Endpoint,GET /room,200,PASS,array,,
EP-THER,Endpoint,GET /therapist,200,PASS,array,,
EP-BOOK,Endpoint,GET /booking,200,PASS,object,,
EP-WALK,Endpoint,GET /walk-in,200,PASS,object,,route จริงคือ /walk-in
EP-QUEUE,Endpoint,GET /queue,200,PASS,object,,
EP-RPT1,Endpoint,GET /report/revenue,200,PASS,object,,
EP-RPT2,Endpoint,GET /report/therapist-performance,200,PASS,object,,
EP-RPT3,Endpoint,GET /report/popular-services,200,PASS,object,,
EP-TML,Endpoint,GET /timeline,200,PASS,object,,
SMOKE,Endpoint,รวม GET endpoints หา 500,0 errors,PASS,13/13 ไม่มี 500,,backend แข็งแรง ไม่มี server error
ONBOARD-01,User,สร้าง user พร้อม username+temp pw,login ได้ทันที,PASS,สร้าง+login สำเร็จ (verify FINDING-04 fix),,onboarding ครบโดยไม่ต้องรอ LINE
